4641,,
0,1,57.1
0,40,83.46
0,41,36.97
1,2,61.23
1,41,53.39
1,42,58.89
2,3,50.75
2,42,50.8
2,43,60.99
3,4,16.45
3,43,43.78
3,44,63.41
4,5,51.52
4,44,46.96
4,45,77.32
5,6,48.91
5,45,45.1
5,46,63.03
6,7,56.26
6,46,62.74
6,47,112.25
7,8,54.6
7,47,55.99
7,48,89.92
8,9,74.13
8,48,54.5
8,49,121.95
9,10,42.42
9,49,61.74
9,50,73.82
10,11,30.08
10,50,31.4
10,51,97.16
11,12,65.58
11,51,67.08
11,52,63.4
12,13,46.54
12,52,32.46
12,53,53.15
13,14,51.09
13,53,56.59
13,54,86.95
14,15,43.32
14,54,35.86
14,55,80.56
15,16,23.99
15,55,74.4
15,56,67.23
16,17,65.36
16,56,43.24
16,57,106.22
17,18,52.18
17,57,56.94
17,58,88.16
18,19,75.21
18,58,35.98
18,59,46.68
19,20,60.83
19,59,76.49
19,60,109.79
20,21,55.26
20,60,48.96
20,61,52.49
21,22,19.39
21,61,31.09
21,62,41.96
22,23,67.4
22,62,22.57
22,63,95.51
23,24,24.18
23,63,37.51
23,64,58.34
24,25,74.23
24,64,34.16
24,65,63.63
25,26,43.88
25,65,25.7
25,66,45.35
26,27,45.46
26,66,48.71
26,67,69.42
27,28,53.21
27,67,61.66
27,68,103.92
28,29,45.12
28,68,84.73
28,69,98.67
29,30,44.71
29,69,53.55
29,70,101.64
30,31,41.27
30,70,67.99
30,71,91.55
31,32,74.48
31,71,50.28
31,72,89.12
32,33,92.66
32,72,57.26
32,73,128.98
33,34,20.93
33,73,53.54
33,74,73.34
34,35,64.61
34,74,52.41
34,75,93.97
35,36,53.81
35,75,68.9
35,76,89.76
36,37,8.8
36,76,74.03
36,77,88.66
37,38,45.11
37,77,84.64
37,78,87.33
38,39,57.93
38,78,42.22
38,79,91.11
39,79,60.24
40,41,87.17
40,80,55.74
40,81,112.42
41,42,32.72
41,81,91.25
41,82,103.25
42,43,63.33
42,82,70.53
42,83,111.48
43,44,53.17
43,83,80.15
43,84,75.32
44,45,31.54
44,84,22.15
44,85,53.55
45,46,76.03
45,85,23.19
45,86,93.56
46,47,49.51
46,86,60.65
46,87,86.28
47,48,33.93
47,87,88.73
47,88,64.34
48,49,67.45
48,88,55.21
48,89,87.54
49,50,67.74
49,89,76.87
49,90,78.6
50,51,65.76
50,90,76.46
50,91,89.81
51,52,51.54
51,91,24.29
51,92,18.71
52,53,25.53
52,92,44.07
52,93,67.52
53,54,69.48
53,93,41.99
53,94,107.2
54,55,44.7
54,94,37.72
54,95,90.58
55,56,46.23
55,95,45.88
55,96,81.57
56,57,62.98
56,96,61.26
56,97,59.64
57,58,62.78
57,97,41.2
57,98,60.84
58,59,10.7
58,98,99.54
58,99,68.22
59,60,92.5
59,99,57.52
59,100,81.72
60,61,46.13
60,100,44.8
60,101,57.19
61,62,31.43
61,101,76.96
61,102,80.93
62,63,72.94
62,102,49.5
62,103,111.87
63,64,21.81
63,103,38.93
63,104,62.4
64,65,60.09
64,104,41.57
64,105,90.84
65,66,20.87
65,105,61.37
65,106,125.44
66,67,49.65
66,106,105.01
66,107,115.59
67,68,63.18
67,107,65.94
67,108,104.42
68,69,89.7
68,108,52.74
68,109,90.19
69,70,48.09
69,109,50.99
69,110,79.38
70,71,23.56
70,110,68.63
70,111,73.23
71,72,75.74
71,111,49.67
71,112,71.85
72,73,71.72
72,112,46.05
72,113,101.08
73,74,37.02
73,113,29.36
73,114,60.55
74,75,53.86
74,114,57.87
74,115,53.12
75,76,21.36
75,115,79.8
75,116,47.56
76,77,72.15
76,116,54.9
76,117,86.95
77,78,12.13
77,117,45.92
77,118,74.42
78,79,48.89
78,118,71.73
78,119,82.7
79,119,33.81
80,81,56.68
80,120,35.36
80,121,40.82
81,82,16.78
81,121,22.94
81,122,53.68
82,83,42.81
82,122,41.68
82,123,79.85
83,84,81.01
83,123,38.9
83,124,99.99
84,85,41.64
84,124,72.82
84,125,80.87
85,86,70.37
85,125,49.47
85,126,91.63
86,87,26.03
86,126,21.26
86,127,75.83
87,88,65.93
87,127,49.8
87,128,102.08
88,89,57.13
88,128,74.51
88,129,105.68
89,90,68.15
89,129,48.55
89,130,58.38
90,91,67.33
90,130,51.51
90,131,35.02
91,92,31.76
91,131,68.51
91,132,55.23
92,93,45.13
92,132,60.57
92,133,96.79
93,94,65.21
93,133,51.66
93,134,100.86
94,95,52.86
94,134,36.77
94,135,61.71
95,96,35.69
95,135,58.59
95,136,70.17
96,97,70.98
96,136,34.48
96,137,41.24
97,98,64.18
97,137,56.74
97,138,98.77
98,99,82.44
98,138,34.59
98,139,101.33
99,100,25.5
99,139,62.73
99,140,95.2
100,101,67.97
100,140,71
100,141,102.8
101,102,82.57
101,141,45.05
101,142,101.18
102,103,62.37
102,142,73.91
102,143,90.61
103,104,49.49
103,143,65.54
103,144,90.23
104,105,49.27
104,144,68.8
104,145,62.44
105,106,64.07
105,145,43.27
105,146,71.32
106,107,54.84
106,146,28.93
106,147,87.5
107,108,38.48
107,147,76.92
107,148,84.53
108,109,91.45
108,148,46.05
108,149,95.02
109,110,35.81
109,149,57.73
109,150,68.09
110,111,46.42
110,150,32.28
110,151,73.7
111,112,66.86
111,151,31.76
111,152,61.53
112,113,68.07
112,152,39.35
112,153,89.95
113,114,31.19
113,153,71.26
113,154,55.98
114,115,31.93
114,154,24.79
114,155,77.8
115,116,46.26
115,155,48.21
115,156,83.55
116,117,81.13
116,156,47.55
116,157,86.46
117,118,50.34
117,157,57.65
117,158,83.42
118,119,22.43
118,158,68.16
118,159,88.61
119,159,77.64
120,121,28.04
120,160,55.94
120,161,97.32
121,122,69.54
121,161,81.24
121,162,134.65
122,123,38.17
122,162,67.37
122,163,84.56
123,124,61.09
123,163,46.39
123,164,82.59
124,125,71.39
124,164,50.08
124,165,54.19
125,126,44.16
125,165,96.98
125,166,52.69
126,127,54.57
126,166,70.23
126,167,62.43
127,128,52.28
127,167,46.98
127,168,86.2
128,129,48.43
128,168,48
128,169,46.39
129,130,10.75
129,169,50.58
129,170,49.11
130,131,50.33
130,170,39.28
130,171,89.93
131,132,60.5
131,171,54.78
131,172,93.28
132,133,36.22
132,172,35.86
132,173,103.6
133,134,68.8
133,173,67.38
133,174,87.44
134,135,26.06
134,174,93.72
134,175,82.69
135,136,61.32
135,175,56.63
135,176,84.36
136,137,43.32
136,176,23.04
136,177,76.7
137,138,55.91
137,177,69.94
137,178,109.52
138,139,66.74
138,178,53.61
138,179,62.24
139,140,32.47
139,179,57.62
139,180,50.06
140,141,31.8
140,180,52.55
140,181,52.07
141,142,79.19
141,181,20.27
141,182,100.16
142,143,24.42
142,182,63.17
142,183,60.25
143,144,61.99
143,183,51.77
143,184,63.98
144,145,61.22
144,184,58.93
144,185,21.8
145,146,58.15
145,185,60.2
145,186,93.93
146,147,80.25
146,186,84.84
146,187,100.85
147,148,23.35
147,187,58.14
147,188,45.27
148,149,56.33
148,188,45.86
148,189,57.75
149,150,73.18
149,189,64.22
149,190,50.72
150,151,41.42
150,190,78.44
150,191,94.52
151,152,75.65
151,191,53.1
151,192,75.75
152,153,50.6
152,192,80.06
152,193,94.5
153,154,50.66
153,193,54.56
153,194,51.03
154,155,79.13
154,194,22.23
154,195,91.31
155,156,37.9
155,195,102.82
155,196,54.56
156,157,38.91
156,196,56.22
156,197,98.49
157,158,57.21
157,197,59.58
157,198,87.2
158,159,45.37
158,198,44.85
158,199,37.92
159,199,9.73
160,161,71.32
160,200,54.7
160,201,67.45
161,162,53.41
161,201,55.87
161,202,74.29
162,163,29.31
162,202,26.58
162,203,70.86
163,164,36.46
163,203,51.41
163,204,64.95
164,165,32.69
164,204,28.75
164,205,83.19
165,166,70.91
165,205,50.5
165,206,75.38
166,167,51.9
166,206,68.83
166,207,147.5
167,168,78.34
167,207,95.6
167,208,102.33
168,169,45.85
168,208,23.99
168,209,42.84
169,170,48.47
169,209,37.11
169,210,63.83
170,171,50.65
170,210,37.54
170,211,92.5
171,172,42.42
171,211,75.33
171,212,106.86
172,173,67.74
172,212,68.36
172,213,68.59
173,174,36.5
173,213,19.93
173,214,54.14
174,175,92.23
174,214,34.08
174,215,90.37
175,176,31.89
175,215,78.4
175,216,49.64
176,177,53.66
176,216,66.95
176,217,74.63
177,178,39.58
177,217,75.89
177,218,51.28
178,179,27.07
178,218,48.84
178,219,74.06
179,180,54.56
179,219,65.43
179,220,137.77
180,181,67.1
180,220,83.21
180,221,72.84
181,182,79.89
181,221,46.4
181,222,106.47
182,183,35.82
182,222,31.2
182,223,42.25
183,184,39.07
183,223,24.45
183,224,66.85
184,185,59.95
184,224,46.42
184,225,112.93
185,186,67.81
185,225,93.12
185,226,100.7
186,187,65.07
186,226,32.89
186,227,98.58
187,188,35.63
187,227,33.51
187,228,52.59
188,189,37.97
188,228,35.74
188,229,91.09
189,190,58.96
189,229,71
189,230,102.17
190,191,65.82
190,230,60.23
190,231,114.72
191,192,47.41
191,231,48.9
191,232,40.62
192,193,48.52
192,232,17.97
192,233,88.08
193,194,82.99
193,233,39.56
193,234,64.22
194,195,74.38
194,234,57.09
194,235,139.06
195,196,84.5
195,235,64.68
195,236,62.81
196,197,79.27
196,236,46.55
196,237,73.87
197,198,27.62
197,237,43.96
197,238,74.31
198,199,68.01
198,238,46.69
198,239,67.16
199,239,59.49
200,201,29.99
200,240,67.14
200,241,57.9
201,202,78.16
201,241,45.15
201,242,119.66
202,203,49.98
202,242,41.5
202,243,75.64
203,204,56.06
203,243,25.66
203,244,86.59
204,205,54.44
204,244,73.05
204,245,111.65
205,206,64.12
205,245,57.21
205,246,58.89
206,207,78.67
206,246,58.93
206,247,99.35
207,208,77.83
207,247,20.68
207,248,33.72
208,209,18.85
208,248,53.75
208,249,91.17
209,210,48.04
209,249,72.32
209,250,90.09
210,211,62.56
210,250,56.63
210,251,98.24
211,212,65.01
211,251,35.68
211,252,91.6
212,213,50.47
212,252,31.69
212,253,73.55
213,214,59.05
213,253,73.32
213,254,78.58
214,215,56.29
214,254,68.23
214,255,83.73
215,216,43.34
215,255,27.44
215,256,58.79
216,217,52.72
216,256,55.07
216,257,127.62
217,218,37.59
217,257,74.9
217,258,116.02
218,219,62.36
218,258,85.71
218,259,111.42
219,220,72.34
219,259,49.06
219,260,108.22
220,221,50.03
220,260,36.72
220,261,43.21
221,222,68.11
221,261,53.58
221,262,121.05
222,223,42.57
222,262,52.94
222,263,94.86
223,224,56.3
223,263,79.19
223,264,97.65
224,225,66.51
224,264,46.61
224,265,113.95
225,226,11.88
225,265,51.7
225,266,45.83
226,227,65.69
226,266,38.25
226,267,121.38
227,228,23.46
227,267,55.69
227,268,48.69
228,229,63.17
228,268,37.83
228,269,85.84
229,230,63.69
229,269,41.73
229,270,65.35
230,231,54.49
230,270,103.9
230,271,46.34
231,232,34.98
231,271,63.91
231,272,51.66
232,233,70.11
232,272,72.52
232,273,119.31
233,234,46.5
233,273,49.2
233,274,60.35
234,235,81.97
234,274,42.25
234,275,89.06
235,236,62.09
235,275,39.45
235,276,40.58
236,237,27.32
236,276,54.87
236,277,70.81
237,238,79.71
237,277,43.49
237,278,99.35
238,239,20.47
238,278,59.18
238,279,90.04
239,279,69.57
240,241,70.06
240,280,48.7
240,281,84.86
241,242,74.51
241,281,67.38
241,282,81.81
242,243,45.66
242,282,77.82
242,283,82.26
243,244,60.93
243,283,57.2
243,284,77.74
244,245,38.6
244,284,16.81
244,285,71.4
245,246,30.28
245,285,32.8
245,286,60.17
246,247,77.34
246,286,58.49
246,287,86.15
247,248,42.14
247,287,47.63
247,288,67.84
248,249,64.18
248,288,54.8
248,289,96.41
249,250,40.87
249,289,43.19
249,290,70.55
250,251,63.57
250,290,56.76
250,291,121.59
251,252,55.92
251,291,79.98
251,292,106.31
252,253,46.96
252,292,50.39
252,293,108.71
253,254,38.58
253,293,61.75
253,294,88.44
254,255,65.04
254,294,83.18
254,295,71.45
255,256,31.35
255,295,49.89
255,296,88.63
256,257,72.55
256,296,57.28
256,297,105.96
257,258,47.52
257,297,73.17
257,298,64.78
258,259,40.63
258,298,71.04
258,299,85.75
259,260,59.16
259,299,69.92
259,300,78.04
260,261,38.97
260,300,65.06
260,301,64.64
261,262,67.47
261,301,57.31
261,302,99.15
262,263,41.92
262,302,46.82
262,303,58.7
263,264,78.46
263,303,72.2
263,304,37.01
264,265,67.34
264,304,78.87
264,305,76.57
265,266,31.79
265,305,23.13
265,306,26.64
266,267,83.13
266,306,28.73
266,307,86.22
267,268,17.48
267,307,22.91
267,308,26.46
268,269,56.55
268,308,35.26
268,309,77.07
269,270,42.68
269,309,44.26
269,310,87.34
270,271,68
270,310,44.66
270,311,88.15
271,272,59.81
271,311,75.99
271,312,112.08
272,273,62.45
272,312,52.27
272,313,78.35
273,274,37.65
273,313,18.98
273,314,63.36
274,275,53.37
274,314,52.21
274,315,107.23
275,276,46.67
275,315,53.86
275,316,103.13
276,277,52.7
276,316,69.64
276,317,88.23
277,278,55.86
277,317,70.05
277,318,104.41
278,279,70.4
278,318,76.09
278,319,85.55
279,319,32.15
280,281,95.06
280,320,77.73
280,321,81.2
281,282,14.43
281,321,75.26
281,322,65.49
282,283,74.96
282,322,51.06
282,323,90.75
283,284,59.14
283,323,48.47
283,324,73.03
284,285,54.59
284,324,72.85
284,325,93.91
285,286,52.85
285,325,39.32
285,326,34.58
286,287,31.2
286,326,53.95
286,327,78.07
287,288,47.03
287,327,71.33
287,328,87.65
288,289,41.61
288,328,59.7
288,329,99.3
289,290,38.32
289,329,57.69
289,330,80.67
290,291,68.81
290,330,42.35
290,331,66.51
291,292,55.43
291,331,33.5
291,332,46.22
292,293,58.32
292,332,91.73
292,333,30.29
293,294,33.33
293,333,38.85
293,334,47.79
294,295,57.77
294,334,31.08
294,335,33.98
295,296,75.62
295,335,45.71
295,336,121.76
296,297,48.68
296,336,46.14
296,337,80.26
297,298,49.65
297,337,31.58
297,338,92.47
298,299,62.09
298,338,61.1
298,339,92.92
299,300,19.66
299,339,30.83
299,340,49.74
300,301,65.62
300,340,31.74
300,341,85.36
301,302,51.42
301,341,39.6
301,342,83.41
302,303,27.02
302,342,41.57
302,343,85.28
303,304,71.79
303,343,58.26
303,344,85.28
304,305,66.74
304,344,65.05
304,345,85.55
305,306,26.19
305,345,49.45
305,346,89.68
306,307,57.97
306,346,72.27
306,347,134.29
307,308,23.37
307,347,76.32
307,348,120.61
308,309,47.55
308,348,97.24
308,349,96.8
309,310,66.5
309,349,53.19
309,350,99.39
310,311,48.29
310,350,65.11
310,351,75.91
311,312,36.09
311,351,32.42
311,352,83.83
312,313,72.36
312,352,47.74
312,353,51.89
313,314,44.38
313,353,69.47
313,354,89.22
314,315,55.02
314,354,44.84
314,355,89.89
315,316,49.27
315,355,41.17
315,356,61.34
316,317,32.25
316,356,29.91
316,357,65.17
317,318,44.54
317,357,46.58
317,358,63.53
318,319,96.04
318,358,18.99
318,359,102.53
319,359,71.01
320,321,22.15
320,360,33.67
320,361,54.45
321,322,59.35
321,361,65.38
321,362,92.01
322,323,39.69
322,362,56.6
322,363,69.26
323,324,57.24
323,363,38.31
323,364,104.44
324,325,61.82
324,364,47.2
324,365,105.61
325,326,27.7
325,365,55.11
325,366,30.61
326,327,70.86
326,366,46.27
326,367,105.17
327,328,47.58
327,367,34.31
327,368,81.31
328,329,58.68
328,368,44.07
328,369,103.58
329,330,66.18
329,369,44.9
329,370,36.06
330,331,35.6
330,370,44.2
330,371,82.11
331,332,48.52
331,371,57.95
331,372,110.74
332,333,68.32
332,372,62.22
332,373,100.64
333,334,75.82
333,373,90.24
333,374,128.99
334,335,44.48
334,374,53.17
334,375,83.33
335,336,76.05
335,375,70.45
335,376,101.87
336,337,34.46
336,376,46.52
336,377,87.07
337,338,60.89
337,377,52.95
337,378,42.02
338,339,61.5
338,378,21.63
338,379,81.51
339,340,44.43
339,379,49.69
339,380,40.15
340,341,53.62
340,380,48.72
340,381,84.83
341,342,57.51
341,381,79.53
341,382,67.68
342,343,43.71
342,382,80.71
342,383,51.17
343,344,47.28
343,383,66.22
343,384,67.19
344,345,32.18
344,384,58.29
344,385,72.68
345,346,62.15
345,385,52.18
345,386,89.01
346,347,62.02
346,386,86.24
346,387,92.58
347,348,44.29
347,387,45.9
347,388,49.64
348,349,57.26
348,388,27.85
348,389,58.26
349,350,46.2
349,389,68.7
349,390,88.32
350,351,87.06
350,390,42.12
350,391,113.62
351,352,51.41
351,391,70.6
351,392,58.82
352,353,6.31
352,392,78.07
352,393,59.21
353,354,63.41
353,393,55.06
353,394,116.62
354,355,45.05
354,394,53.21
354,395,103.49
355,356,50.57
355,395,58.44
355,396,77.43
356,357,53.1
356,396,50.96
356,397,85.13
357,358,52.07
357,397,43.39
357,398,99.55
358,359,83.54
358,398,82.6
358,399,101.61
359,399,43.61
360,361,33.22
360,400,79.24
360,401,90.39
361,362,68.13
361,401,57.17
361,402,67.29
362,363,45.18
362,402,26.26
362,403,110.45
363,364,74.87
363,403,90.81
363,404,108.86
364,365,58.41
364,404,57.51
364,405,94.23
365,366,35.82
365,405,50.54
365,406,52.65
366,367,72.4
366,406,77.15
366,407,117.41
367,368,47
367,407,85.69
367,408,118.74
368,369,59.51
368,408,71.74
368,409,52.49
369,370,61.96
369,409,44.1
369,410,24.34
370,371,69.03
370,410,49.64
370,411,85.01
371,372,52.79
371,411,82.16
371,412,58.27
372,373,71.58
372,412,21.24
372,413,58.48
373,374,38.75
373,413,20.06
373,414,65.25
374,375,55.12
374,414,40.76
374,415,43.63
375,376,31.42
375,415,56.83
375,416,43.55
376,377,61.25
376,416,27.19
376,417,83
377,378,49.77
377,417,37.09
377,418,49.3
378,379,100.38
378,418,60.23
378,419,96.84
379,380,34.94
379,419,59.96
379,420,32.89
380,381,63.59
380,420,42.43
380,421,138.78
381,382,56.33
381,421,75.19
381,422,79.95
382,383,50.28
382,422,53.78
382,423,96
383,384,59.73
383,423,68.7
383,424,85.64
384,385,64.77
384,424,65.81
384,425,72.49
385,386,36.83
385,425,39.98
385,426,86.74
386,387,65.72
386,426,49.91
386,427,104.98
387,388,48.38
387,427,53.84
387,428,88.56
388,389,52.91
388,428,69.48
388,429,73.17
389,390,33.74
389,429,20.26
389,430,84.24
390,391,71.5
390,430,54.62
390,431,108.13
391,392,27.02
391,431,51.57
391,432,20.26
392,393,59.6
392,432,32.04
392,433,104.25
393,394,61.56
393,433,68.93
393,434,91.71
394,395,56.86
394,434,52.15
394,435,65.99
395,396,31.43
395,435,15.71
395,436,61.13
396,397,34.17
396,436,60.16
396,437,100.44
397,398,68.64
397,437,66.27
397,438,78.33
398,399,21.61
398,438,15.47
398,439,68.68
399,439,49.67
400,401,42.75
400,440,58.68
400,441,77.51
401,402,76.08
401,441,37.7
401,442,74.54
402,403,84.19
402,442,83.8
402,443,119.07
403,404,18.05
403,443,43.7
403,444,32.19
404,405,60.44
404,444,14.14
404,445,88.12
405,406,16.83
405,445,53.16
405,446,48.79
406,407,58.9
406,446,31.96
406,447,76.78
407,408,71.15
407,447,36.52
407,448,70.6
408,409,29.63
408,448,63.29
408,449,42.68
409,410,56.42
409,449,61.93
409,450,96.3
410,411,51.83
410,450,64.94
410,451,115.24
411,412,58.53
411,451,63.41
411,452,102.45
412,413,76.08
412,452,60.16
412,453,73.38
413,414,45.19
413,453,72.1
413,454,57.43
414,415,39.05
414,454,24.82
414,455,82.15
415,416,56.62
415,455,65.02
415,456,103.54
416,417,70.87
416,456,73.46
416,457,120.54
417,418,40.17
417,457,49.77
417,458,49.57
418,419,36.61
418,458,39.42
418,459,95.21
419,420,66.77
419,459,58.6
419,460,95.66
420,421,96.35
420,460,87.87
420,461,113.95
421,422,6.46
421,461,17.6
421,462,33.67
422,423,94.66
422,462,28.91
422,463,80.45
423,424,16.94
423,463,58.35
423,464,55.8
424,425,97.44
424,464,38.86
424,465,114.28
425,426,46.76
425,465,85.32
425,466,97.78
426,427,55.07
426,466,51.02
426,467,64.62
427,428,49.3
427,467,43.25
427,468,67.64
428,429,59.05
428,468,18.34
428,469,47.16
429,430,63.98
429,469,43.47
429,470,100.51
430,431,53.51
430,470,36.53
430,471,62.23
431,432,56.03
431,471,8.72
431,472,30.35
432,433,72.21
432,472,46.72
432,473,87.69
433,434,39.26
433,473,24.3
433,474,101.66
434,435,102.44
434,474,62.4
434,475,72.4
435,436,45.42
435,475,95.56
435,476,81.59
436,437,68.94
436,476,36.17
436,477,92.82
437,438,61.76
437,477,53.5
437,478,48.05
438,439,57.87
438,478,42.21
438,479,85.69
439,479,31.48
440,441,46.47
440,480,43.52
440,481,46.77
441,442,36.84
441,481,63.34
441,482,52.74
442,443,69.03
442,482,15.9
442,483,80.3
443,444,36.89
443,483,42.73
443,484,67.1
444,445,73.98
444,484,69.79
444,485,91.01
445,446,63.17
445,485,17.03
445,486,64.26
446,447,50.84
446,486,43.35
446,487,110.9
447,448,34.08
447,487,66.08
447,488,113.51
448,449,43.23
448,488,79.43
448,489,47.73
449,450,83.47
449,489,16.16
449,490,90.49
450,451,50.3
450,490,56.12
450,491,75.34
451,452,39.04
451,491,25.04
451,492,67.08
452,453,62
452,492,28.04
452,493,64.3
453,454,39.35
453,493,51.08
453,494,114.19
454,455,69.91
454,494,77.14
454,495,103.42
455,456,38.52
455,495,62.19
455,496,89.93
456,457,47.08
456,496,75.79
456,497,95.02
457,458,50.52
457,497,47.94
457,498,39.75
458,459,73.19
458,498,46.61
458,499,100.79
459,460,37.06
459,499,27.6
459,500,62.64
460,461,95.22
460,500,25.58
460,501,59.25
461,462,40.11
461,501,51.21
461,502,58.73
462,463,51.54
462,502,42.66
462,503,75.06
463,464,27.87
463,503,65.64
463,504,71.67
464,465,75.42
464,504,53.54
464,505,102.1
465,466,56.06
465,505,26.68
465,506,62.11
466,467,21.2
466,506,32.03
466,507,90.46
467,468,72.01
467,507,76.86
467,508,114.3
468,469,31.34
468,508,56.21
468,509,81.65
469,470,57.04
469,509,64.21
469,510,80.67
470,471,63.88
470,510,41.05
470,511,55.45
471,472,21.63
471,511,56.77
471,512,79.57
472,473,40.97
472,512,57.94
472,513,122.47
473,474,86.18
473,513,81.5
473,514,102.02
474,475,22.32
474,514,60.62
474,515,45.57
475,476,58.49
475,515,35.57
475,516,78.37
476,477,56.65
476,516,55.48
476,517,71.95
477,478,73.05
477,517,15.3
477,518,65.52
478,479,49.7
478,518,93.39
478,519,82.22
479,519,32.52
480,481,28.51
480,520,41.66
480,521,62.58
481,482,75.8
481,521,51.63
481,522,62.89
482,483,64.4
482,522,66.81
482,523,87.6
483,484,41.45
483,523,37.52
483,524,63.07
484,485,98.48
484,524,21.62
484,525,86.95
485,486,47.23
485,525,65.73
485,526,66.23
486,487,67.55
486,526,60.14
486,527,88.02
487,488,47.43
487,527,24.41
487,528,84.41
488,489,33.32
488,528,36.98
488,529,43.63
489,490,85.99
489,529,75.33
489,530,116.9
490,491,34.3
490,530,86.03
490,531,85.58
491,492,51.2
491,531,66.36
491,532,112.09
492,493,36.26
492,532,70.05
492,533,86.35
493,494,63.11
493,533,50.09
493,534,95.13
494,495,39.48
494,534,32.02
494,535,104.67
495,496,56.42
495,535,78.39
495,536,103.64
496,497,85.15
496,536,47.22
496,537,76.81
497,498,10.21
497,537,73.5
497,538,95.4
498,499,74.24
498,538,103.59
498,539,100.52
499,500,35.04
499,539,68.3
499,540,118.36
500,501,51.71
500,540,83.32
500,541,110.01
501,502,57.1
501,541,76.34
501,542,105.66
502,503,32.4
502,542,64.86
502,543,70.4
503,504,48.15
503,543,38
503,544,109.27
504,505,87.48
504,544,61.12
504,545,101.6
505,506,44.05
505,545,43.3
505,546,79.86
506,507,58.43
506,546,84.65
506,547,55.52
507,508,64.88
507,547,21.03
507,548,46.41
508,509,25.44
508,548,71.27
508,549,67.64
509,510,58.76
509,549,42.2
509,550,69.46
510,511,48.16
510,550,41.62
510,551,94.12
511,512,49.82
511,551,62.3
511,552,79.91
512,513,64.53
512,552,41.51
512,553,59.72
513,514,24.38
513,553,43.99
513,554,63.03
514,515,66.67
514,554,51.45
514,555,98.12
515,516,42.8
515,555,68.39
515,556,115.08
516,517,83.41
516,556,72.28
516,557,66.28
517,518,50.22
517,557,74.41
517,558,98.17
518,519,90.31
518,558,47.95
518,559,93.55
519,559,63.32
520,521,51.22
520,560,57.38
520,561,90.22
521,522,60.62
521,561,39
521,562,94.56
522,523,53.79
522,562,65.74
522,563,98.72
523,524,39.87
523,563,49.21
523,564,62.45
524,525,65.33
524,564,36.74
524,565,86.45
525,526,38.78
525,565,91.76
525,566,79.98
526,527,69.02
526,566,79.48
526,567,66.76
527,528,63.94
527,567,50.64
527,568,71.66
528,529,32.43
528,568,70.94
528,569,66.06
529,530,41.57
529,569,59.41
529,570,66.48
530,531,56.87
530,570,24.91
530,571,91.7
531,532,54.37
531,571,37.03
531,572,81.9
532,533,73.3
532,572,48.45
532,573,60.3
533,534,45.04
533,573,52.1
533,574,104.71
534,535,72.65
534,574,68.71
534,575,74.03
535,536,54.63
535,575,28.76
535,576,22.33
536,537,29.59
536,576,47.08
536,577,31.13
537,538,62.2
537,577,39.12
537,578,82.27
538,539,31.29
538,578,36.09
538,579,52.49
539,540,78.78
539,579,55.56
539,580,109.06
540,541,33.39
540,580,43.5
540,581,48.14
541,542,53.74
541,581,43.87
541,582,70.97
542,543,36.82
542,582,73.75
542,583,100.9
543,544,71.27
543,583,81.96
543,584,101.79
544,545,48.06
544,584,42.4
544,585,78.77
545,546,36.56
545,585,68.03
545,586,68.44
546,547,75.27
546,586,31.88
546,587,85.77
547,548,49.32
547,587,74.68
547,588,134.45
548,549,58.67
548,588,85.13
548,589,85.19
549,550,73.92
549,589,62.38
549,590,50.31
550,551,52.5
550,590,65.45
550,591,90.32
551,552,17.61
551,591,90.7
551,592,92.14
552,553,31.59
552,592,74.53
552,593,72.49
553,554,67.84
553,593,42.86
553,594,93.64
554,555,80.13
554,594,39.64
554,595,96.43
555,556,46.69
555,595,53.94
555,596,57.98
556,557,48.4
556,596,42.31
556,597,40.24
557,558,70.5
557,597,46.24
557,598,69.19
558,559,48.54
558,598,50.71
558,599,55.61
559,599,37.33
560,561,94
560,600,37.47
560,601,75.16
561,562,55.56
561,601,63.3
561,602,88.13
562,563,74.78
562,602,32.57
562,603,60.63
563,564,13.24
563,603,66.85
563,604,99.78
564,565,63.87
564,604,86.54
564,605,73.71
565,566,66.74
565,605,13.8
565,606,76.58
566,567,53.58
566,606,57.2
566,607,42.01
567,568,73.92
567,607,54.73
567,608,106.19
568,569,80.98
568,608,32.27
568,609,109.26
569,570,27.73
569,609,66.04
569,610,60.19
570,571,66.79
570,610,54.6
570,611,57.93
571,572,44.87
571,611,44.54
571,612,90.58
572,573,69.65
572,612,45.71
572,613,61.45
573,574,60.71
573,613,91.86
573,614,56.17
574,575,46.9
574,614,53.78
574,615,55.68
575,576,36.31
575,615,79.66
575,616,99.15
576,577,34.05
576,616,78.2
576,617,108.2
577,578,80.73
577,617,74.15
577,618,141.85
578,579,32.42
578,618,61.12
578,619,62.66
579,580,53.5
579,619,49.18
579,620,51.21
580,581,33.02
580,620,23.99
580,621,60.91
581,582,49.52
581,621,43.05
581,622,89.42
582,583,59.25
582,622,39.9
582,623,81.3
583,584,63.07
583,623,22.05
583,624,34.76
584,585,48.25
584,624,33.99
584,625,77.39
585,586,35.85
585,625,66.74
585,626,37.27
586,587,62.57
586,626,34.92
586,627,91.98
587,588,59.77
587,627,75.13
587,628,56.92
588,589,5.58
588,628,27.73
588,629,45.44
589,590,70.85
589,629,45.38
589,630,108.37
590,591,67.27
590,630,84.58
590,631,99.86
591,592,55.98
591,631,48.73
591,632,81.4
592,593,54.12
592,632,27.08
592,633,49.15
593,594,50.78
593,633,51.19
593,634,123.49
594,595,70.63
594,634,72.71
594,635,99.36
595,596,29.5
595,635,28.73
595,636,35.66
596,597,79.51
596,636,30.28
596,637,74.38
597,598,22.95
597,637,45.43
597,638,87.34
598,599,61.92
598,638,64.39
598,639,134.86
599,639,77.94
600,601,46.43
600,640,61.51
600,641,74.38
601,602,65.29
601,641,40.47
601,642,104.22
602,603,28.06
602,642,70.35
602,643,70.59
603,604,72.13
603,643,42.53
603,644,104.17
604,605,39.27
604,644,32.04
604,645,71.58
605,606,66.74
605,645,84.41
605,646,110.09
606,607,60.61
606,646,43.35
606,647,60.82
607,608,51.46
607,647,36.53
607,648,87.78
608,609,76.99
608,648,52.46
608,649,64.58
609,610,39.17
609,649,24.05
609,650,60.32
610,611,51.95
610,650,51.05
610,651,56.37
611,612,99.44
611,651,51.56
611,652,108.17
612,613,15.74
612,652,58.81
612,653,56.46
613,614,63.61
613,653,40.72
613,654,74.89
614,615,60.22
614,654,56.04
614,655,107.88
615,616,70.69
615,655,47.66
615,656,78.94
616,617,30
616,656,57.71
616,657,53.69
617,618,67.7
617,657,48.95
617,658,45.58
618,619,18.64
618,658,46
618,659,38.37
619,620,71.33
619,659,36.83
619,660,81.3
620,621,63.2
620,660,60.33
620,661,79.5
621,622,46.37
621,661,64.32
621,662,70.6
622,623,41.4
622,662,57.43
622,663,68.78
623,624,44.51
623,663,84.54
623,664,66.82
624,625,62.46
624,664,76.39
624,665,78.21
625,626,67.67
625,665,15.75
625,666,43.91
626,627,84.86
626,666,36.32
626,667,91.09
627,628,77.79
627,667,28.43
627,668,59.27
628,629,48.29
628,668,65.02
628,669,106.25
629,630,70.79
629,669,57.96
629,670,88.18
630,631,15.28
630,670,32.55
630,671,52.41
631,632,87.83
631,671,37.13
631,672,85.62
632,633,31.85
632,672,87.41
632,673,67.07
633,634,72.3
633,673,66.9
633,674,81.44
634,635,53.59
634,674,13.76
634,675,60.2
635,636,25.97
635,675,38.53
635,676,96.34
636,637,65.28
636,676,89.41
636,677,111.29
637,638,48.47
637,677,55.41
637,678,56.63
638,639,70.47
638,678,70.56
638,679,93.17
639,679,34.32
640,641,54.37
640,680,44.77
640,681,36.71
641,642,67.53
641,681,44.36
641,682,113.58
642,643,47.7
642,682,58.71
642,683,83.82
643,644,61.64
643,683,62.64
643,684,78.49
644,645,39.54
644,684,54.99
644,685,59.53
645,646,79.02
645,685,23.69
645,686,58.84
646,647,18.19
646,686,73.14
646,687,49.43
647,648,51.25
647,687,43.36
647,688,89.8
648,649,73.78
648,688,38.55
648,689,101.22
649,650,72.73
649,689,72.96
649,690,103.69
650,651,62.84
650,690,30.96
650,691,73.74
651,652,56.61
651,691,68.42
651,692,120.47
652,653,47.73
652,692,63.86
652,693,77.46
653,654,69.39
653,693,29.73
653,694,97.35
654,655,51.84
654,694,63.18
654,695,75.92
655,656,31.28
655,695,60.16
655,696,64.09
656,657,32.58
656,696,33.87
656,697,91.78
657,658,61.99
657,697,59.2
657,698,80.15
658,659,60.49
658,698,58.26
658,699,97.41
659,660,79.19
659,699,36.92
659,700,53.15
660,661,23.61
660,700,61.52
660,701,72.61
661,662,54.3
661,701,62.7
661,702,96.96
662,663,44.55
662,702,54.82
662,703,104.4
663,664,52.66
663,703,59.85
663,704,77.19
664,665,71.24
664,704,37.75
664,705,71.64
665,666,28.16
665,705,49.64
665,706,73.57
666,667,55.31
666,706,45.41
666,707,114.57
667,668,53.04
667,707,59.26
667,708,115.51
668,669,65.81
668,708,62.47
668,709,87.94
669,670,54.86
669,709,68.99
669,710,53.79
670,671,27.22
670,710,41.97
670,711,56.97
671,672,48.49
671,711,34.73
671,712,94.91
672,673,52.36
672,712,46.42
672,713,66.17
673,674,81.28
673,713,35.91
673,714,88.05
674,675,51.06
674,714,51.61
674,715,90.74
675,676,62.79
675,715,74.42
675,716,87.29
676,677,46.06
676,716,59.56
676,717,35.58
677,678,25.04
677,717,42.2
677,718,75.19
678,679,78.45
678,718,73.97
678,719,115.95
679,719,37.5
680,681,54.78
680,720,36.09
680,721,57.39
681,682,89.74
681,721,50.63
681,722,129.58
682,683,66.57
682,722,39.84
682,723,73.13
683,684,20.35
683,723,69.94
683,724,42.03
684,685,55.14
684,724,28.7
684,725,107.84
685,686,38.85
685,725,65.16
685,726,76.58
686,687,47.97
686,726,37.73
686,727,100.56
687,688,57.84
687,727,84.29
687,728,128.85
688,689,62.67
688,728,71.01
688,729,59.69
689,690,30.73
689,729,67.88
689,730,105.09
690,691,61.46
690,730,74.36
690,731,68.35
691,692,52.05
691,731,48.95
691,732,78.02
692,693,56.56
692,732,33.99
692,733,69.17
693,694,67.62
693,733,55.57
693,734,78.61
694,695,31.26
694,734,11.39
694,735,44.3
695,696,40.01
695,735,33.88
695,736,74.8
696,697,58.97
696,736,43.75
696,737,101.43
697,698,62.95
697,737,42.46
697,738,72.81
698,699,54.45
698,738,63.62
698,739,95.52
699,700,30.01
699,739,77.03
699,740,88.94
700,701,63.93
700,740,72.71
700,741,96.07
701,702,43.84
701,741,39.62
701,742,82.27
702,703,71.56
702,742,38.75
702,743,49.19
703,704,22
703,743,57.55
703,744,64.75
704,705,43.57
704,744,47.41
704,745,99.02
705,706,37.91
705,745,65.13
705,746,93.75
706,707,70.3
706,746,67.72
706,747,121.17
707,708,56.25
707,747,79.83
707,748,79.91
708,709,25.89
708,748,23.66
708,749,59.76
709,710,81.88
709,749,34.29
709,750,87.39
710,711,33.4
710,750,55.73
710,751,110.16
711,712,65.16
711,751,76.76
711,752,100.95
712,713,48.77
712,752,35.79
712,753,49.11
713,714,59.8
713,753,40.38
713,754,105.49
714,715,39.13
714,754,69.91
714,755,52.44
715,716,51.45
715,755,28.91
715,756,83.98
716,717,63.42
716,756,55.65
716,757,57.86
717,718,61.49
717,757,72.98
717,758,95.48
718,719,59.02
718,758,62.67
718,759,102.31
719,759,66.97
720,721,48.68
720,760,75.98
720,761,69.01
721,722,78.95
721,761,35.13
721,762,122.28
722,723,33.29
722,762,69.37
722,763,70.18
723,724,61.59
723,763,36.89
723,764,81.66
724,725,81.66
724,764,74.99
724,765,84.22
725,726,36.5
725,765,60.2
725,766,52.84
726,727,62.83
726,766,47.36
726,767,79.8
727,728,44.56
727,767,16.97
727,768,66.86
728,729,53.64
728,768,36.82
728,769,91.17
729,730,108.07
729,769,102.49
729,770,77.08
730,731,61.67
730,770,48.21
730,771,32.86
731,732,52.45
731,771,90.69
731,772,79.08
732,733,62.88
732,772,45.13
732,773,109.76
733,734,30.18
733,773,79.94
733,774,79.27
734,735,33.31
734,774,56.23
734,775,94.15
735,736,43.24
735,775,60.84
735,776,82.37
736,737,66.64
736,776,39.13
736,777,78.14
737,738,30.35
737,777,44.68
737,778,58.57
738,739,43.66
738,778,28.22
738,779,84.32
739,740,45.67
739,779,40.66
739,780,65.23
740,741,44.18
740,780,32.66
740,781,51.99
741,742,50.13
741,781,28.63
741,782,114.09
742,743,48.34
742,782,63.96
742,783,120.82
743,744,77.3
743,783,110.38
743,784,97.84
744,745,51.61
744,784,59.82
744,785,76.44
745,746,58.54
745,785,24.83
745,786,53.1
746,747,53.45
746,786,57.62
746,787,87.49
747,748,71.08
747,787,34.04
747,788,59.87
748,749,45.96
748,788,47.69
748,789,82.51
749,750,53.1
749,789,73.85
749,790,73.65
750,751,54.43
750,790,65.65
750,791,72.25
751,752,61.75
751,791,58.78
751,792,64.02
752,753,24.58
752,792,68.79
752,793,104.68
753,754,76.13
753,793,91.36
753,794,100.82
754,755,35.73
754,794,61.95
754,795,55.09
755,756,70.67
755,795,56
755,796,117.66
756,757,46.09
756,796,46.99
756,797,89.4
757,758,48.7
757,797,67.91
757,798,87.23
758,759,68.32
758,798,43.35
758,799,67.79
759,799,17.59
760,761,64.49
760,800,53.68
760,801,85.95
761,762,87.15
761,801,92.92
761,802,80.31
762,763,44.75
762,802,40.08
762,803,84.65
763,764,44.77
763,803,57.8
763,804,54.05
764,765,52.61
764,804,12.42
764,805,67.82
765,766,50.28
765,805,58.59
765,806,93.85
766,767,72.1
766,806,43.57
766,807,74.53
767,768,49.89
767,807,78.35
767,808,93.39
768,769,68.87
768,808,43.5
768,809,97.89
769,770,30.29
769,809,54.88
769,810,38.9
770,771,63.85
770,810,64.31
770,811,108.98
771,772,71.53
771,811,45.13
771,812,76.85
772,773,83.13
772,812,63.26
772,813,107.69
773,774,67.43
773,813,24.56
773,814,40.47
774,775,37.92
774,814,41.4
774,815,78.84
775,776,41.37
775,815,56.4
775,816,81.7
776,777,39.01
776,816,60.17
776,817,104.19
777,778,47.99
777,817,65.18
777,818,84.53
778,779,68.38
778,818,57.92
778,819,97.33
779,780,40.03
779,819,49.69
779,820,86
780,781,19.33
780,820,61.43
780,821,95.47
781,782,85.46
781,821,76.14
781,822,93.77
782,783,56.86
782,822,26.27
782,823,33.64
783,784,35.36
783,823,34.84
783,824,18.85
784,785,68.02
784,824,37.11
784,825,95.84
785,786,28.27
785,825,91.04
785,826,79.66
786,787,63.01
786,826,51.39
786,827,101.89
787,788,41.39
787,827,41.68
787,828,49.56
788,789,50.54
788,828,62.49
788,829,70.81
789,790,48.96
789,829,49.53
789,830,103.93
790,791,51.7
790,830,76.69
790,831,103.85
791,792,51.74
791,831,52.15
791,832,103.47
792,793,64.85
792,832,57.27
792,833,62.98
793,794,9.46
793,833,73.43
793,834,26
794,795,89.64
794,834,16.54
794,835,62.75
795,796,61.66
795,835,68.91
795,836,111.13
796,797,42.41
796,836,58.85
796,837,33.09
797,798,19.32
797,837,45.92
797,838,69.77
798,799,80.48
798,838,50.45
798,839,90.46
799,839,70.92
800,801,63.57
800,840,27.32
800,841,70.54
801,802,40.89
801,841,25.43
801,842,53.31
802,803,91.49
802,842,65.92
802,843,108.79
803,804,43.99
803,843,33.38
803,844,21.64
804,805,58.54
804,844,33.53
804,845,88.3
805,806,41.44
805,845,47.22
805,846,46.15
806,807,30.96
806,846,61.69
806,847,99.7
807,808,69.74
807,847,68.74
807,848,78.5
808,809,54.39
808,848,77.82
808,849,91.42
809,810,66.56
809,849,37.03
809,850,69.12
810,811,44.67
810,850,59.52
810,851,100.97
811,812,48.46
811,851,56.3
811,852,88.2
812,813,74.55
812,852,56.48
812,853,96.91
813,814,42.81
813,853,36.3
813,854,65.79
814,815,51.08
814,854,72.38
814,855,123.76
815,816,63.88
815,855,72.68
815,856,59.93
816,817,50.56
816,856,62.07
816,857,76.57
817,818,19.35
817,857,34.21
817,858,77.89
818,819,76.61
818,858,58.54
818,859,68.48
819,820,52.67
819,859,54.01
819,860,56.83
820,821,34.04
820,860,89.18
820,861,69.48
821,822,64.89
821,861,35.44
821,862,77.07
822,823,44.09
822,862,59.44
822,863,124.56
823,824,42.07
823,863,99.23
823,864,114.71
824,825,64.45
824,864,72.64
824,865,125.89
825,826,62.3
825,865,61.44
825,866,70.11
826,827,54.98
826,866,30.39
826,867,67.7
827,828,20.58
827,867,41.64
827,868,77.24
828,829,47.08
828,868,66.56
828,869,124.47
829,830,83.66
829,869,77.39
829,870,117
830,831,27.16
830,870,47.3
830,871,51.68
831,832,51.32
831,871,33.4
831,872,58.56
832,833,11.21
832,872,61.26
832,873,48.17
833,834,76.61
833,873,42.46
833,874,110.85
834,835,46.21
834,874,82.98
834,875,107.51
835,836,78.78
835,875,61.3
835,876,82.65
836,837,29.12
836,876,56.79
836,877,63.44
837,838,79.09
837,877,79.82
837,878,101.44
838,839,40.01
838,878,45.67
838,879,86.9
839,879,46.89
840,841,52.94
840,880,54.93
840,881,112.4
841,842,46.34
841,881,69.18
841,882,109.84
842,843,55.79
842,882,63.5
842,883,87.59
843,844,43.84
843,883,49.28
843,884,77.94
844,845,62.91
844,884,73.6
844,885,115.95
845,846,26.97
845,885,58.28
845,886,114.36
846,847,88.81
846,886,97.97
846,887,111.37
847,848,27.78
847,887,41.24
847,888,70.03
848,849,70.16
848,888,60.27
848,889,101.65
849,850,40.69
849,889,36.45
849,890,71.35
850,851,65.31
850,890,39.26
850,891,81.36
851,852,31.9
851,891,60.07
851,892,95.96
852,853,54.97
852,892,64.06
852,893,72.65
853,854,39.93
853,893,73.06
853,894,65.38
854,855,73.88
854,894,25.45
854,895,109.07
855,856,27.39
855,895,35.19
855,896,67.96
856,857,78.42
856,896,80.71
856,897,76.05
857,858,45.34
857,897,68.13
857,898,78.9
858,859,70.42
858,898,33.56
858,899,61.54
859,860,48.22
859,899,51.6
859,900,98.8
860,861,75.6
860,900,50.58
860,901,99.44
861,862,41.63
861,901,42.02
861,902,62.04
862,863,65.12
862,902,50.67
862,903,79.58
863,864,15.48
863,903,31.68
863,904,41.68
864,865,65.69
864,904,28.04
864,905,82.57
865,866,54.67
865,905,59.72
865,906,83.99
866,867,38.87
866,906,75.32
866,907,82.57
867,868,60.04
867,907,59.58
867,908,89.31
868,869,57.91
868,908,46.59
868,909,47.4
869,870,39.61
869,909,48.83
869,910,54.32
870,871,33.46
870,910,26.79
870,911,80.4
871,872,34.04
871,911,62.06
871,912,56.16
872,873,56.53
872,912,22.12
872,913,68.84
873,874,68.39
873,913,39.73
873,914,107.22
874,875,33.95
874,914,38.83
874,915,61.25
875,876,49.55
875,915,36.72
875,916,70.65
876,877,59.57
876,916,49.3
876,917,92.27
877,878,25.7
877,917,32.7
877,918,47.73
878,879,73.31
878,918,26.11
878,919,60.09
879,919,69.6
880,881,57.47
880,920,65.34
880,921,67.33
881,882,40.66
881,921,49.68
881,922,73.98
882,883,33.89
882,922,56.72
882,923,54.93
883,884,52.28
883,923,50.48
883,924,84.3
884,885,42.35
884,924,51.08
884,925,104.76
885,886,61.32
885,925,62.41
885,926,71.31
886,887,28.66
886,926,33.57
886,927,60.35
887,888,47.47
887,927,60.57
887,928,80.97
888,889,49.68
888,928,33.5
888,929,67.16
889,890,54
889,929,53.3
889,930,57.18
890,891,42.1
890,930,38.64
890,931,71.13
891,892,56.33
891,931,29.03
891,932,68.7
892,893,37.09
892,932,48.43
892,933,42.38
893,894,75.92
893,933,49.95
893,934,80.25
894,895,83.62
894,934,60.31
894,935,105.04
895,896,32.77
895,935,48.16
895,936,76.13
896,897,50.98
896,936,43.36
896,937,55.4
897,898,60.27
897,937,69.86
897,938,101.56
898,899,54.62
898,938,41.29
898,939,78.78
899,900,48.52
899,939,94.42
899,940,66.85
900,901,48.86
900,940,60.01
900,941,104.05
901,902,20.02
901,941,60.99
901,942,61.61
902,903,59.17
902,942,60.15
902,943,102.01
903,904,27.22
903,943,42.92
903,944,90.44
904,905,56.37
904,944,63.22
904,945,113.37
905,906,70.25
905,945,57
905,946,80.62
906,907,23.43
906,946,31.91
906,947,51.71
907,908,70.71
907,947,44.46
907,948,72.75
908,909,23.49
908,948,56.88
908,949,72.29
909,910,64.83
909,949,67.18
909,950,131.78
910,911,65.69
910,950,66.95
910,951,80.57
911,912,48.58
911,951,14.88
911,952,55.68
912,913,46.72
912,952,69.1
912,953,84.93
913,914,79.31
913,953,43.51
913,954,68.15
914,915,45.06
914,954,23.52
914,955,73.6
915,916,59.57
915,955,51.18
915,956,66.52
916,917,42.97
916,956,34.15
916,957,103.97
917,918,33.55
917,957,61
917,958,90.3
918,919,33.98
918,958,75.27
918,959,111.89
919,959,77.91
920,921,39.89
920,960,41.08
920,961,75.76
921,922,64.12
921,961,60.23
921,962,106.12
922,923,40.13
922,962,42
922,963,87.49
923,924,64.98
923,963,65.88
923,964,100.12
924,925,53.68
924,964,46.66
924,965,70.62
925,926,45.9
925,965,40.58
925,966,44.85
926,927,50.36
926,966,77.01
926,967,100.45
927,928,85.82
927,967,50.09
927,968,89.49
928,929,33.66
928,968,80.21
928,969,67.6
929,930,68.66
929,969,40.54
929,970,85.72
930,931,60.27
930,970,54.32
930,971,77.98
931,932,39.67
931,971,89.63
931,972,72.29
932,933,35.57
932,972,32.62
932,973,84.35
933,934,65.56
933,973,54.34
933,974,119.26
934,935,57.95
934,974,72.8
934,975,76.67
935,936,54.71
935,975,68.44
935,976,73.27
936,937,15.06
936,976,59.52
936,977,50.85
937,938,108.26
937,977,38.81
937,978,86.86
938,939,37.49
938,978,55.2
938,979,58.87
939,940,82.93
939,979,21.64
939,980,61.24
940,941,84.4
940,980,45.19
940,981,113.45
941,942,15.82
941,981,33.35
941,982,57.05
942,943,74.76
942,982,50.63
942,983,92.24
943,944,47.6
943,983,86.78
943,984,87.17
944,945,50.15
944,984,40.37
944,985,93.02
945,946,49.24
945,985,42.87
945,986,73.03
946,947,27.66
946,986,49.41
946,987,76.56
947,948,41.51
947,987,58.54
947,988,71.83
948,949,43.59
948,988,60.6
948,989,105.5
949,950,77.62
949,989,61.91
949,990,116.07
950,951,57.06
950,990,61.57
950,991,31.87
951,952,40.8
951,991,57.85
951,992,67.19
952,953,60.67
952,992,26.39
952,993,76
953,954,53.08
953,993,58.49
953,994,75.53
954,955,84.76
954,994,45.59
954,995,128.98
955,956,45.1
955,995,46.34
955,996,83.3
956,957,71.38
956,996,67.96
956,997,119.44
957,958,58.86
957,997,48.06
957,998,68.01
958,959,44.72
958,998,43.79
958,999,107.15
959,999,70.53
960,961,61.9
960,1000,42.12
960,1001,84.63
961,962,45.89
961,1001,71.61
961,1002,71.59
962,963,56.77
962,1002,42.58
962,1003,61.24
963,964,51.4
963,1003,15.75
963,1004,48.18
964,965,27.94
964,1004,67.94
964,1005,38.67
965,966,27.91
965,1005,42.31
965,1006,92.12
966,967,76.48
966,1006,64.21
966,1007,90.38
967,968,39.4
967,1007,83.68
967,1008,63.25
968,969,50.49
968,1008,23.85
968,1009,46.36
969,970,86.8
969,1009,44.59
969,1010,121.39
970,971,23.66
970,1010,84.03
970,1011,69.36
971,972,68.14
971,1011,45.7
971,1012,100.9
972,973,57.69
972,1012,70.08
972,1013,89.34
973,974,64.92
973,1013,41.93
973,1014,77.96
974,975,22.59
974,1014,13.04
974,1015,79.83
975,976,54.55
975,1015,75.96
975,1016,92.7
976,977,101.31
976,1016,38.15
976,1017,68.74
977,978,48.05
977,1017,66.13
977,1018,117.06
978,979,13.51
978,1018,69.01
978,1019,111.31
979,980,67.02
979,1019,97.8
979,1020,94.8
980,981,68.26
980,1020,54.94
980,1021,88.42
981,982,28
981,1021,54.88
981,1022,82.63
982,983,41.61
982,1022,54.63
982,1023,84.01
983,984,71.71
983,1023,42.4
983,1024,77.67
984,985,53.45
984,1024,67.78
984,1025,83.96
985,986,41.36
985,1025,30.51
985,1026,51.76
986,987,27.15
986,1026,21.6
986,1027,51.26
987,988,39.45
987,1027,42.57
987,1028,79.1
988,989,61.96
988,1028,58.07
988,1029,94.85
989,990,54.16
989,1029,58.57
989,1030,68.34
990,991,60.78
990,1030,54.2
990,1031,87.1
991,992,48.94
991,1031,93.68
991,1032,117.71
992,993,49.61
992,1032,68.77
992,1033,78
993,994,80.68
993,1033,28.39
993,1034,60.98
994,995,83.39
994,1034,47.58
994,1035,108.05
995,996,51.48
995,1035,69.36
995,1036,81.79
996,997,51.48
996,1036,68.39
996,1037,78.89
997,998,44.27
997,1037,67.01
997,1038,47.81
998,999,68.44
998,1038,27.86
998,1039,88.74
999,1039,50.14
1000,1001,65.63
1000,1040,34.78
1000,1041,106.59
1001,1002,42.26
1001,1041,40.96
1001,1042,58.56
1002,1003,90.02
1002,1042,49.12
1002,1043,73.32
1003,1004,32.43
1003,1043,77.92
1003,1044,95.78
1004,1005,53.57
1004,1044,63.35
1004,1045,82.54
1005,1006,77.41
1005,1045,57.81
1005,1046,108.17
1006,1007,27.23
1006,1046,30.76
1006,1047,102.14
1007,1008,105.85
1007,1047,75.97
1007,1048,99.16
1008,1009,22.51
1008,1048,80.83
1008,1049,80.26
1009,1010,87.16
1009,1049,57.75
1009,1050,124.05
1010,1011,75.27
1010,1050,43.95
1010,1051,63.69
1011,1012,55.2
1011,1051,63.94
1011,1052,108.25
1012,1013,85.84
1012,1052,53.05
1012,1053,94.99
1013,1014,47.07
1013,1053,86.57
1013,1054,75.81
1014,1015,66.79
1014,1054,107.44
1014,1055,63.84
1015,1016,81.56
1015,1055,25.73
1015,1056,62.02
1016,1017,30.59
1016,1056,45.28
1016,1057,79.29
1017,1018,80.61
1017,1057,55.12
1017,1058,68.66
1018,1019,43.92
1018,1058,34.69
1018,1059,52.71
1019,1020,69.58
1019,1059,25.07
1019,1060,51.65
1020,1021,33.48
1020,1060,95.69
1020,1061,72.42
1021,1022,62.47
1021,1061,38.94
1021,1062,102.7
1022,1023,61
1022,1062,77.33
1022,1063,69.78
1023,1024,35.27
1023,1063,105.72
1023,1064,95.17
1024,1025,88.52
1024,1064,59.9
1024,1065,70.13
1025,1026,53.11
1025,1065,65.63
1025,1066,56.02
1026,1027,29.66
1026,1066,76.11
1026,1067,81
1027,1028,60.79
1027,1067,51.34
1027,1068,78.81
1028,1029,36.78
1028,1068,23.82
1028,1069,93.21
1029,1030,44.69
1029,1069,56.43
1029,1070,71.5
1030,1031,78.46
1030,1070,36.05
1030,1071,111.71
1031,1032,26.43
1031,1071,50.61
1031,1072,37.13
1032,1033,28.37
1032,1072,59.02
1032,1073,89.15
1033,1034,60.27
1033,1073,79.92
1033,1074,108.02
1034,1035,69.95
1034,1074,75.43
1034,1075,111.51
1035,1036,57.13
1035,1075,41.56
1035,1076,73.69
1036,1037,36.18
1036,1076,26.96
1036,1077,44.82
1037,1038,91.46
1037,1077,8.64
1037,1078,51.34
1038,1039,60.88
1038,1078,66.7
1038,1079,67.31
1039,1079,49.17
1040,1041,71.81
1040,1080,64.4
1040,1081,121.57
1041,1042,33.92
1041,1081,49.76
1041,1082,79.01
1042,1043,61.22
1042,1082,61.41
1042,1083,85.87
1043,1044,58
1043,1083,33.53
1043,1084,72.72
1044,1045,66.01
1044,1084,14.72
1044,1085,72.31
1045,1046,50.36
1045,1085,53.12
1045,1086,95.03
1046,1047,71.38
1046,1086,78.69
1046,1087,55.32
1047,1048,33.11
1047,1087,40.72
1047,1088,45.91
1048,1049,54.99
1048,1088,22.72
1048,1089,50.9
1049,1050,66.3
1049,1089,42.43
1049,1090,62.34
1050,1051,70.56
1050,1090,18.38
1050,1091,62.21
1051,1052,44.31
1051,1091,35.41
1051,1092,48.97
1052,1053,41.94
1052,1092,50.52
1052,1093,86.69
1053,1054,26.2
1053,1093,44.75
1053,1094,74.62
1054,1055,70.86
1054,1094,57.24
1054,1095,77.29
1055,1056,64.97
1055,1095,48.91
1055,1096,116.03
1056,1057,34.01
1056,1096,79.06
1056,1097,69.51
1057,1058,51.12
1057,1097,65.92
1057,1098,64.84
1058,1059,64.66
1058,1098,55.94
1058,1099,78.63
1059,1060,41.24
1059,1099,41.55
1059,1100,100.13
1060,1061,65.63
1060,1100,58.89
1060,1101,69.52
1061,1062,63.76
1061,1101,51.75
1061,1102,82.29
1062,1063,32.61
1062,1102,18.53
1062,1103,62.28
1063,1064,77.21
1063,1103,32.73
1063,1104,94.23
1064,1065,27.15
1064,1104,50.14
1064,1105,74.63
1065,1066,47.53
1065,1105,64.4
1065,1106,118.78
1066,1067,46.23
1066,1106,71.25
1066,1107,93.4
1067,1068,61.33
1067,1107,47.17
1067,1108,102.43
1068,1069,69.39
1068,1108,74.96
1068,1109,108.63
1069,1070,29.97
1069,1109,43.92
1069,1110,71.24
1070,1071,75.66
1070,1110,56.17
1070,1111,84.56
1071,1072,18.02
1071,1111,63.48
1071,1112,36.12
1072,1073,76.05
1072,1112,37.78
1072,1113,121.35
1073,1074,36.44
1073,1113,45.3
1073,1114,54.91
1074,1075,37.02
1074,1114,26.81
1074,1115,67.75
1075,1076,54.87
1075,1115,31.67
1075,1116,84.99
1076,1077,55.62
1076,1116,70.5
1076,1117,101.45
1077,1078,42.7
1077,1117,73.19
1077,1118,110.27
1078,1079,36.37
1078,1118,67.57
1078,1119,93.64
1079,1119,57.27
1080,1081,57.17
1080,1120,60.29
1080,1121,74.1
1081,1082,35.97
1081,1121,16.93
1081,1122,71.92
1082,1083,69.52
1082,1122,42.67
1082,1123,66.48
1083,1084,59.25
1083,1123,74.14
1083,1124,76.91
1084,1085,57.59
1084,1124,80.42
1084,1125,69.33
1085,1086,41.91
1085,1125,78.54
1085,1126,35.69
1086,1087,56.19
1086,1126,16.82
1086,1127,42.75
1087,1088,64.91
1087,1127,33.84
1087,1128,100.66
1088,1089,28.18
1088,1128,71.63
1088,1129,86.27
1089,1090,44.83
1089,1129,58.09
1089,1130,80.11
1090,1091,66.17
1090,1130,65.48
1090,1131,95.61
1091,1092,13.56
1091,1131,53.8
1091,1132,80.09
1092,1093,82.03
1092,1132,66.53
1092,1133,110.84
1093,1094,32.55
1093,1133,58.85
1093,1134,63.98
1094,1095,51.09
1094,1134,66.53
1094,1135,53.88
1095,1096,67.12
1095,1135,62.85
1095,1136,82.69
1096,1097,18.45
1096,1136,29.11
1096,1137,77.08
1097,1098,61.1
1097,1137,58.63
1097,1138,45.79
1098,1099,67.93
1098,1138,29.37
1098,1139,93.99
1099,1100,86.16
1099,1139,60.24
1099,1140,105.69
1100,1101,52.29
1100,1140,46.43
1100,1141,44.25
1101,1102,51.2
1101,1141,68.02
1101,1142,82.94
1102,1103,43.75
1102,1142,88.54
1102,1143,102.16
1103,1104,61.5
1103,1143,66.43
1103,1144,76.13
1104,1105,35.17
1104,1144,24.71
1104,1145,61.42
1105,1106,54.38
1105,1145,41.69
1105,1146,61.26
1106,1107,69.31
1106,1146,37.44
1106,1147,59.21
1107,1108,55.26
1107,1147,45.78
1107,1148,89.7
1108,1109,36.21
1108,1148,53.98
1108,1149,50.15
1109,1110,37.28
1109,1149,34.08
1109,1150,65.43
1110,1111,30.99
1110,1150,33.43
1110,1151,99.73
1111,1112,50.4
1111,1151,71.34
1111,1152,113.44
1112,1113,83.57
1112,1152,86.22
1112,1153,82.09
1113,1114,46.01
1113,1153,23.72
1113,1154,64.86
1114,1115,53.4
1114,1154,74.15
1114,1155,110.75
1115,1116,53.32
1115,1155,69.81
1115,1156,86.72
1116,1117,68.95
1116,1156,33.4
1116,1157,70.13
1117,1118,61.04
1117,1157,57.46
1117,1158,39.57
1118,1119,26.07
1118,1158,59.99
1118,1159,44.52
1119,1159,18.45
1120,1121,31.51
1120,1160,82.28
1120,1161,68.99
1121,1122,54.99
1121,1161,74.9
1121,1162,67.39
1122,1123,23.81
1122,1162,47.96
1122,1163,71.95
1123,1124,52.97
1123,1163,48.14
1123,1164,82.48
1124,1125,46.25
1124,1164,47.59
1124,1165,111.28
1125,1126,55.01
1125,1165,79.67
1125,1166,78.97
1126,1127,48.97
1126,1166,62.32
1126,1167,116.26
1127,1128,68.56
1127,1167,75.21
1127,1168,88.85
1128,1129,47.58
1128,1168,20.29
1128,1169,82.43
1129,1130,29.14
1129,1169,68.45
1129,1170,64.8
1130,1131,76.19
1130,1170,42.78
1130,1171,89.86
1131,1132,50.65
1131,1171,97.57
1131,1172,89.38
1132,1133,54.53
1132,1172,42.23
1132,1173,70.91
1133,1134,35.17
1133,1173,26.6
1133,1174,81.99
1134,1135,54.77
1134,1174,46.82
1134,1175,74.42
1135,1136,48.86
1135,1175,62.05
1135,1176,95.7
1136,1137,61.51
1136,1176,59.6
1136,1177,73.71
1137,1138,20.74
1137,1177,32.82
1137,1178,28.82
1138,1139,77.54
1138,1178,41.66
1138,1179,98.52
1139,1140,45.45
1139,1179,42.62
1139,1180,46.2
1140,1141,30.7
1140,1180,37.31
1140,1181,79.98
1141,1142,49.32
1141,1181,55.26
1141,1182,70.49
1142,1143,62.62
1142,1182,21.17
1142,1183,69.27
1143,1144,51.84
1143,1183,52.37
1143,1184,66.76
1144,1145,46.79
1144,1184,49.04
1144,1185,58.77
1145,1146,39.35
1145,1185,33.58
1145,1186,79.1
1146,1147,60.97
1146,1186,53.33
1146,1187,77.48
1147,1148,52.64
1147,1187,72.45
1147,1188,80.23
1148,1149,56.11
1148,1188,27.59
1148,1189,53.07
1149,1150,48.95
1149,1189,48.68
1149,1190,62.94
1150,1151,66.3
1150,1190,45.67
1150,1191,110.34
1151,1152,42.1
1151,1191,44.04
1151,1192,41.03
1152,1153,65.93
1152,1192,9.03
1152,1193,44.75
1153,1154,66.34
1153,1193,72.5
1153,1194,93.26
1154,1155,80.88
1154,1194,26.92
1154,1195,100.65
1155,1156,16.91
1155,1195,47.65
1155,1196,46.36
1156,1157,44.41
1156,1196,44.17
1156,1197,93.22
1157,1158,58.51
1157,1197,56.49
1157,1198,96.61
1158,1159,42.03
1158,1198,78.58
1158,1199,107.31
1159,1199,65.28
1160,1161,38.89
1160,1200,61.98
1160,1201,82.43
1161,1162,78.07
1161,1201,46.52
1161,1202,93.86
1162,1163,66.69
1162,1202,73.47
1162,1203,102.66
1163,1164,34.34
1163,1203,48.25
1163,1204,67.32
1164,1165,63.69
1164,1204,33.24
1164,1205,73.09
1165,1166,19.54
1165,1205,29.36
1165,1206,74.73
1166,1167,61.24
1166,1206,75.43
1166,1207,131.09
1167,1168,82.86
1167,1207,69.85
1167,1208,109.8
1168,1169,62.14
1168,1208,88.24
1168,1209,95.05
1169,1170,98.39
1169,1209,32.91
1169,1210,88.2
1170,1171,47.08
1170,1210,58.25
1170,1211,87.68
1171,1172,55.43
1171,1211,40.6
1171,1212,92.02
1172,1173,87.4
1172,1212,47.09
1172,1213,96.34
1173,1174,55.39
1173,1213,64.16
1173,1214,106.63
1174,1175,28.16
1174,1214,51.24
1174,1215,82.42
1175,1176,47.75
1175,1215,54.82
1175,1216,83.99
1176,1177,84.11
1176,1216,42.94
1176,1217,46.12
1177,1178,16.62
1177,1217,65.17
1177,1218,109.56
1178,1179,56.86
1178,1218,92.94
1178,1219,124.62
1179,1180,48.94
1179,1219,67.76
1179,1220,110.07
1180,1181,79.23
1180,1220,84.85
1180,1221,120.96
1181,1182,49.67
1181,1221,41.73
1181,1222,59.79
1182,1183,48.1
1182,1222,44.56
1182,1223,83.99
1183,1184,56.55
1183,1223,44.57
1183,1224,118.38
1184,1185,30.81
1184,1224,71.13
1184,1225,98.13
1185,1186,67.12
1185,1225,88.4
1185,1226,115.49
1186,1187,41.85
1186,1226,48.37
1186,1227,81.92
1187,1188,70.9
1187,1227,48.53
1187,1228,111.8
1188,1189,25.48
1188,1228,56.72
1188,1229,74.54
1189,1190,48.86
1189,1229,49.06
1189,1230,72.99
1190,1191,96.35
1190,1230,53.11
1190,1231,86.65
1191,1192,61.57
1191,1231,43.88
1191,1232,42.92
1192,1193,45.82
1192,1232,91.39
1192,1233,103.61
1193,1194,86.68
1193,1233,57.79
1193,1234,84.38
1194,1195,73.73
1194,1234,52.5
1194,1235,86.81
1195,1196,11.61
1195,1235,38.96
1195,1236,61.45
1196,1197,76.67
1196,1236,60.24
1196,1237,109.16
1197,1198,40.12
1197,1237,45.39
1197,1238,38.91
1198,1199,42.97
1198,1238,56.09
1198,1239,70.03
1199,1239,52.56
1200,1201,22.13
1200,1240,29.73
1200,1241,54.33
1201,1202,47.34
1201,1241,43.68
1201,1242,68.12
1202,1203,91.91
1202,1242,23.22
1202,1243,75.36
1203,1204,24.21
1203,1243,90.15
1203,1244,105.51
1204,1205,51.25
1204,1244,81.3
1204,1245,99.94
1205,1206,65.33
1205,1245,59.83
1205,1246,90.52
1206,1207,55.66
1206,1246,79.93
1206,1247,42.99
1207,1208,41.03
1207,1247,47.27
1207,1248,70.62
1208,1209,55.09
1208,1248,30.67
1208,1249,52.3
1209,1210,55.29
1209,1249,68.69
1209,1250,83.84
1210,1211,29.43
1210,1250,91.01
1210,1251,84.92
1211,1212,60.58
1211,1251,55.49
1211,1252,85.42
1212,1213,59.33
1212,1252,34
1212,1253,62.43
1213,1214,42.47
1213,1253,16.86
1213,1254,56.96
1214,1215,56.68
1214,1254,33.61
1214,1255,45.53
1215,1216,34.13
1215,1255,72.05
1215,1256,62.79
1216,1217,31.12
1216,1256,60.9
1216,1257,79.33
1217,1218,90.31
1217,1257,76.15
1217,1258,115.64
1218,1219,52.58
1218,1258,29.49
1218,1259,81.22
1219,1220,42.31
1219,1259,49.54
1219,1260,45.25
1220,1221,48.35
1220,1260,44.72
1220,1261,61.78
1221,1222,57.34
1221,1261,61.69
1221,1262,60.65
1222,1223,39.43
1222,1262,88.69
1222,1263,76.74
1223,1224,82.49
1223,1263,37.31
1223,1264,64.78
1224,1225,43.16
1224,1264,41.79
1224,1265,54.27
1225,1226,48.47
1225,1265,29.39
1225,1266,78.26
1226,1227,33.55
1226,1266,51.17
1226,1267,84.25
1227,1228,63.27
1227,1267,50.7
1227,1268,102.29
1228,1229,38.4
1228,1268,40.62
1228,1269,40.16
1229,1230,27.63
1229,1269,34.74
1229,1270,107.72
1230,1231,53.18
1230,1270,83.79
1230,1271,84.68
1231,1232,52.62
1231,1271,45.44
1231,1272,111.21
1232,1233,96.48
1232,1272,58.59
1232,1273,109.78
1233,1234,31.55
1233,1273,74.04
1233,1274,71.13
1234,1235,46.81
1234,1274,57.58
1234,1275,97.64
1235,1236,48.37
1235,1275,57.29
1235,1276,64.09
1236,1237,48.92
1236,1276,40.1
1236,1277,85.35
1237,1238,20.34
1237,1277,49.73
1237,1278,45.47
1238,1239,71.24
1238,1278,51.95
1238,1279,93.65
1239,1279,39.77
1240,1241,40.54
1240,1280,62.54
1240,1281,106.31
1241,1242,47.5
1241,1281,65.77
1241,1282,98.83
1242,1243,54.58
1242,1282,64.59
1242,1283,89.87
1243,1244,68.86
1243,1283,35.29
1243,1284,70.76
1244,1245,77.46
1244,1284,45.5
1244,1285,25.43
1245,1246,30.69
1245,1285,68.87
1245,1286,49.54
1246,1247,50.24
1246,1286,18.85
1246,1287,91.47
1247,1248,83.29
1247,1287,73.67
1247,1288,133.18
1248,1249,21.63
1248,1288,49.89
1248,1289,41.51
1249,1250,38.35
1249,1289,19.88
1249,1290,87.78
1250,1251,78.91
1250,1290,49.43
1250,1291,69.06
1251,1252,58.15
1251,1291,52.39
1251,1292,71.75
1252,1253,31.99
1252,1292,61.88
1252,1293,92.77
1253,1254,43.78
1253,1293,84.94
1253,1294,84.16
1254,1255,31.04
1254,1294,62.72
1254,1295,104.61
1255,1256,48.44
1255,1295,73.57
1255,1296,89.39
1256,1257,51.23
1256,1296,45.81
1256,1297,72.82
1257,1258,39.49
1257,1297,56.65
1257,1298,65.99
1258,1259,63.07
1258,1298,26.5
1258,1299,64.15
1259,1260,15.21
1259,1299,51.02
1259,1300,56.4
1260,1261,58.84
1260,1300,60.69
1260,1301,105.26
1261,1262,34.98
1261,1301,60.32
1261,1302,93.31
1262,1263,90.17
1262,1302,58.33
1262,1303,97.18
1263,1264,27.47
1263,1303,63.03
1263,1304,71.76
1264,1265,71.98
1264,1304,53.17
1264,1305,119.95
1265,1266,50.99
1265,1305,61.25
1265,1306,59.7
1266,1267,46.78
1266,1306,59.33
1266,1307,83.65
1267,1268,51.59
1267,1307,82.09
1267,1308,81.19
1268,1269,44.28
1268,1308,29.6
1268,1309,42.2
1269,1270,85.38
1269,1309,41.06
1269,1310,79.53
1270,1271,30.53
1270,1310,53.65
1270,1311,56.22
1271,1272,65.77
1271,1311,55.33
1271,1312,63.11
1272,1273,51.19
1272,1312,59.82
1272,1313,58.66
1273,1274,48.01
1273,1313,12.55
1273,1314,52.8
1274,1275,53.1
1274,1314,33.77
1274,1315,88.04
1275,1276,59.68
1275,1315,34.94
1275,1316,67.7
1276,1277,69.63
1276,1316,54.44
1276,1317,65.28
1277,1278,50.48
1277,1317,30.85
1277,1318,47.46
1278,1279,41.7
1278,1318,41.92
1278,1319,100.68
1279,1319,58.98
1280,1281,43.77
1280,1320,21.54
1280,1321,71.14
1281,1282,58.12
1281,1321,27.37
1281,1322,25.57
1282,1283,36.68
1282,1322,40.11
1282,1323,66.37
1283,1284,35.47
1283,1323,41.09
1283,1324,82.58
1284,1285,54.09
1284,1324,47.11
1284,1325,96.1
1285,1286,49.59
1285,1325,72.57
1285,1326,96.21
1286,1287,72.62
1286,1326,78.88
1286,1327,71.82
1287,1288,59.51
1287,1327,29.82
1287,1328,64.7
1288,1289,45.04
1288,1328,31.37
1288,1329,71.92
1289,1290,67.9
1289,1329,80.3
1289,1330,87.33
1290,1291,58.77
1290,1330,19.43
1290,1331,64.13
1291,1292,59.06
1291,1331,44.5
1291,1332,94.59
1292,1293,50.95
1292,1332,35.65
1292,1333,77.59
1293,1294,39.34
1293,1333,26.64
1293,1334,55.53
1294,1295,64.23
1294,1334,35.71
1294,1335,65.7
1295,1296,17.02
1295,1335,28.57
1295,1336,39.48
1296,1297,40.39
1296,1336,23.66
1296,1337,75.58
1297,1298,89.92
1297,1337,43.71
1297,1338,69.25
1298,1299,37.65
1298,1338,84.49
1298,1339,106.8
1299,1300,57.6
1299,1339,69.15
1299,1340,95.32
1300,1301,44.57
1300,1340,47.18
1300,1341,78.99
1301,1302,58.39
1301,1341,34.42
1301,1342,52.68
1302,1303,83.69
1302,1342,27.33
1302,1343,64.16
1303,1304,8.73
1303,1343,37.35
1303,1344,98.89
1304,1305,75.66
1304,1344,90.16
1304,1345,89.82
1305,1306,46.27
1305,1345,51.82
1305,1346,79.45
1306,1307,74.94
1306,1346,71.24
1306,1347,105.29
1307,1308,72.62
1307,1347,53.61
1307,1348,55.81
1308,1309,24.28
1308,1348,66.65
1308,1349,62.23
1309,1310,38.47
1309,1349,64.21
1309,1350,109.91
1310,1311,62.07
1310,1350,71.44
1310,1351,126.96
1311,1312,34.64
1311,1351,64.89
1311,1352,89.09
1312,1313,68.52
1312,1352,81.31
1312,1353,94.6
1313,1314,46.47
1313,1353,41.3
1313,1354,93.48
1314,1315,54.27
1314,1354,64.11
1314,1355,78.21
1315,1316,58.48
1315,1355,73.8
1315,1356,68.38
1316,1317,20.54
1316,1356,46.24
1316,1357,100.75
1317,1318,51.81
1317,1357,89.91
1317,1358,99.27
1318,1319,62.26
1318,1358,47.46
1318,1359,106.06
1319,1359,56.72
1320,1321,49.6
1320,1360,86.02
1320,1361,62.7
1321,1322,15.92
1321,1361,66.18
1321,1362,78.13
1322,1323,73.86
1322,1362,79.93
1322,1363,113.21
1323,1324,41.49
1323,1363,42.37
1323,1364,103.11
1324,1325,76.11
1324,1364,61.62
1324,1365,53.78
1325,1326,23.64
1325,1365,53.71
1325,1366,52.84
1326,1327,72.3
1326,1366,29.2
1326,1367,54.32
1327,1328,65.5
1327,1367,50.14
1327,1368,103.66
1328,1329,66.73
1328,1368,45.62
1328,1369,88.49
1329,1330,72.85
1329,1369,38.54
1329,1370,44.73
1330,1331,44.7
1330,1370,37.96
1330,1371,89.03
1331,1332,50.23
1331,1371,44.33
1331,1372,114.03
1332,1333,42.06
1332,1372,66.24
1332,1373,74.67
1333,1334,45.07
1333,1373,45.35
1333,1374,75.14
1334,1335,31.75
1334,1374,69.63
1334,1375,74.25
1335,1336,38.01
1335,1375,75.62
1335,1376,95.49
1336,1337,51.92
1336,1376,57.48
1336,1377,114.11
1337,1338,25.54
1337,1377,62.19
1337,1378,88.88
1338,1339,76.43
1338,1378,63.34
1338,1379,94.71
1339,1340,43.23
1339,1379,82.2
1339,1380,58.81
1340,1341,31.81
1340,1380,36.22
1340,1381,75.36
1341,1342,44.92
1341,1381,43.55
1341,1382,79.99
1342,1343,73.67
1342,1382,61.73
1342,1383,113.97
1343,1344,73.58
1343,1383,57.64
1343,1384,67.28
1344,1345,28.74
1344,1384,23.8
1344,1385,62.3
1345,1346,65.29
1345,1385,62.64
1345,1386,90.86
1346,1347,41.65
1346,1386,37.37
1346,1387,63.27
1347,1348,59.58
1347,1387,25.7
1347,1388,57.66
1348,1349,37.04
1348,1388,32.2
1348,1389,84.93
1349,1350,60.28
1349,1389,47.89
1349,1390,105.8
1350,1351,56.7
1350,1390,45.52
1350,1391,56.7
1351,1352,24.2
1351,1391,77.06
1351,1392,78.69
1352,1353,65.95
1352,1392,54.49
1352,1393,74.88
1353,1354,60.2
1353,1393,61.59
1353,1394,117.68
1354,1355,30.06
1354,1394,58.58
1354,1395,47.75
1355,1356,86.04
1355,1395,22.01
1355,1396,74.31
1356,1357,65.13
1356,1396,45.85
1356,1397,89.1
1357,1358,74.24
1357,1397,23.97
1357,1398,62.94
1358,1359,58.6
1358,1398,73
1358,1399,89.81
1359,1399,31.21
1360,1361,51.5
1360,1400,73.21
1360,1401,63.64
1361,1362,65.03
1361,1401,43.26
1361,1402,116.39
1362,1363,75.02
1362,1402,51.36
1362,1403,63.46
1363,1364,63.76
1363,1403,45.5
1363,1404,63.88
1364,1365,46.16
1364,1404,38.46
1364,1405,58.98
1365,1366,48.05
1365,1405,66.82
1365,1406,113.42
1366,1367,32.16
1366,1406,65.37
1366,1407,92.98
1367,1368,67.7
1367,1407,67.86
1367,1408,117.94
1368,1369,50.33
1368,1408,50.24
1368,1409,95.74
1369,1370,73.43
1369,1409,57.41
1369,1410,80.94
1370,1371,51.33
1370,1410,57.97
1370,1411,96.46
1371,1372,69.7
1371,1411,59.59
1371,1412,92.08
1372,1373,62.83
1372,1412,30.56
1372,1413,70.43
1373,1374,42.53
1373,1413,59.7
1373,1414,79.52
1374,1375,28
1374,1414,36.99
1374,1415,69.42
1375,1376,87.39
1375,1415,42.38
1375,1416,88.11
1376,1377,56.63
1376,1416,41.04
1376,1417,78.65
1377,1378,60.23
1377,1417,62.2
1377,1418,64.16
1378,1379,31.37
1378,1418,54.01
1378,1419,94.29
1379,1380,89.21
1379,1419,62.92
1379,1420,80.88
1380,1381,42.72
1380,1420,40.35
1380,1421,88.79
1381,1382,36.44
1381,1421,46.07
1381,1422,79.03
1382,1383,74.52
1382,1422,42.59
1382,1423,78.25
1383,1384,43.48
1383,1423,70.21
1383,1424,48.09
1384,1385,68.6
1384,1424,61.83
1384,1425,112.52
1385,1386,28.22
1385,1425,43.92
1385,1426,74.29
1386,1387,75.22
1386,1426,46.07
1386,1427,72.28
1387,1388,56.86
1387,1427,54.94
1387,1428,78.49
1388,1389,52.73
1388,1428,67.31
1388,1429,81.42
1389,1390,57.91
1389,1429,46.33
1389,1430,70.66
1390,1391,11.18
1390,1430,72.59
1390,1431,56.13
1391,1392,78.47
1391,1431,44.95
1391,1432,91.74
1392,1393,26.41
1392,1432,45.19
1392,1433,58.56
1393,1394,56.09
1393,1433,38.17
1393,1434,95.98
1394,1395,55.35
1394,1434,39.89
1394,1435,65.37
1395,1396,62.2
1395,1435,75.1
1395,1436,115.34
1396,1397,59.23
1396,1436,93.46
1396,1437,66.32
1397,1398,38.97
1397,1437,55.71
1397,1438,73.93
1398,1399,62.29
1398,1438,34.96
1398,1439,81.44
1399,1439,56.35
1400,1401,62.67
1400,1440,33.25
1400,1441,50.37
1401,1402,92.97
1401,1441,59.94
1401,1442,143.28
1402,1403,40.4
1402,1442,50.31
1402,1443,92.43
1403,1404,44.36
1403,1443,80.33
1403,1444,91.63
1404,1405,58.86
1404,1444,57.93
1404,1445,121.07
1405,1406,46.6
1405,1445,62.21
1405,1446,79.27
1406,1407,56.29
1406,1446,57.91
1406,1447,61.47
1407,1408,66.68
1407,1447,53.84
1407,1448,97.27
1408,1409,45.5
1408,1448,72.13
1408,1449,92.83
1409,1410,80.15
1409,1449,47.33
1409,1450,87.48
1410,1411,38.49
1410,1450,53.87
1410,1451,60.51
1411,1412,49.87
1411,1451,22.02
1411,1452,42.12
1412,1413,48.07
1412,1452,44.07
1412,1453,39.53
1413,1414,43.28
1413,1453,48.7
1413,1454,60.43
1414,1415,32.43
1414,1454,54.01
1414,1455,101.11
1415,1416,88.73
1415,1455,68.68
1415,1456,120.44
1416,1417,41.77
1416,1456,73.75
1416,1457,81.31
1417,1418,68.42
1417,1457,55.12
1417,1458,96.4
1418,1419,56.82
1418,1458,54.26
1418,1459,60.94
1419,1420,87.94
1419,1459,35.98
1419,1460,66.45
1420,1421,48.44
1420,1460,77.95
1420,1461,102.1
1421,1422,78.4
1421,1461,53.66
1421,1462,73.48
1422,1423,35.66
1422,1462,51.14
1422,1463,83.64
1423,1424,51.86
1423,1463,47.98
1423,1464,92.91
1424,1425,76.11
1424,1464,70.83
1424,1465,120.08
1425,1426,30.37
1425,1465,43.97
1425,1466,88.89
1426,1427,60.73
1426,1466,58.52
1426,1467,86.72
1427,1428,44.49
1427,1467,60.51
1427,1468,117.56
1428,1429,40.49
1428,1468,73.65
1428,1469,92.55
1429,1430,41.97
1429,1469,57.66
1429,1470,117.39
1430,1431,64.22
1430,1470,75.42
1430,1471,90.3
1431,1432,46.79
1431,1471,46.92
1431,1472,97.24
1432,1433,64.89
1432,1472,62.91
1432,1473,77.55
1433,1434,57.81
1433,1473,64.52
1433,1474,105.72
1434,1435,59.96
1434,1474,56.55
1434,1475,51.64
1435,1436,40.24
1435,1475,77.96
1435,1476,57.16
1436,1437,76.96
1436,1476,16.92
1436,1477,41.29
1437,1438,66.84
1437,1477,50.33
1437,1478,102.4
1438,1439,46.48
1438,1478,35.56
1438,1479,73.33
1439,1479,33.09
1440,1441,43.14
1440,1480,35.7
1440,1481,105.61
1441,1442,83.34
1441,1481,82.05
1441,1482,76.77
1442,1443,42.12
1442,1482,41.05
1442,1483,86.33
1443,1444,34.16
1443,1483,44.21
1443,1484,33.38
1444,1445,63.14
1444,1484,30.14
1444,1485,64.24
1445,1446,17.06
1445,1485,31.7
1445,1486,48.08
1446,1447,60.36
1446,1486,31.02
1446,1487,71.92
1447,1448,63.41
1447,1487,43.12
1447,1488,83.64
1448,1449,62.28
1448,1488,28.37
1448,1489,103.05
1449,1450,40.15
1449,1489,57.41
1449,1490,80.28
1450,1451,50.14
1450,1490,44.17
1450,1491,61.3
1451,1452,22.52
1451,1491,52.74
1451,1492,97.43
1452,1453,44.36
1452,1492,77.33
1452,1493,94.21
1453,1454,68.95
1453,1493,53.69
1453,1494,120.92
1454,1455,60.5
1454,1494,51.97
1454,1495,103.56
1455,1456,51.76
1455,1495,43.06
1455,1496,44.69
1456,1457,16
1456,1496,37.29
1456,1497,58.61
1457,1458,71.04
1457,1497,51.05
1457,1498,76.88
1458,1459,24.76
1458,1498,26.9
1458,1499,91.66
1459,1460,62.33
1459,1499,84.98
1459,1500,84.33
1460,1461,53.61
1460,1500,44.56
1460,1501,97.8
1461,1462,66.14
1461,1501,52.95
1461,1502,82.81
1462,1463,43.12
1462,1502,73.81
1462,1503,89.21
1463,1464,44.93
1463,1503,46.09
1463,1504,104.38
1464,1465,53.35
1464,1504,59.45
1464,1505,87.3
1465,1466,44.92
1465,1505,67.89
1465,1506,80.97
1466,1467,29.9
1466,1506,38.21
1466,1507,85.39
1467,1468,67.25
1467,1507,57.19
1467,1508,43.49
1468,1469,42.1
1468,1508,45.6
1468,1509,50
1469,1470,59.73
1469,1509,44.32
1469,1510,78.58
1470,1471,49.74
1470,1510,27.37
1470,1511,32.25
1471,1472,50.32
1471,1511,57.69
1471,1512,79.57
1472,1473,63.28
1472,1512,29.25
1472,1513,68.68
1473,1474,72.5
1473,1513,60.5
1473,1514,81.52
1474,1475,38.55
1474,1514,62.32
1474,1515,50.7
1475,1476,70.28
1475,1515,49.63
1475,1516,75.53
1476,1477,24.37
1476,1516,44.53
1476,1517,109.94
1477,1478,68.71
1477,1517,85.57
1477,1518,100.88
1478,1479,37.77
1478,1518,46.75
1478,1519,84.48
1479,1519,46.71
1480,1481,69.91
1480,1520,31.95
1480,1521,96.04
1481,1482,55.28
1481,1521,60.61
1481,1522,53.11
1482,1483,92.9
1482,1522,58.39
1482,1523,104.21
1483,1484,42.97
1483,1523,53.85
1483,1524,25.02
1484,1485,55.96
1484,1524,42.05
1484,1525,102.19
1485,1486,54
1485,1525,82.69
1485,1526,109.8
1486,1487,40.9
1486,1526,62.82
1486,1527,106.37
1487,1488,40.52
1487,1527,65.47
1487,1528,83.26
1488,1489,82.82
1488,1528,43.46
1488,1529,73.81
1489,1490,32.57
1489,1529,34.19
1489,1530,47.58
1490,1491,79.57
1490,1530,35.83
1490,1531,92.88
1491,1492,44.69
1491,1531,75.27
1491,1532,86.49
1492,1493,16.88
1492,1532,48.16
1492,1533,90.84
1493,1494,71.07
1493,1533,73.96
1493,1534,102.58
1494,1495,51.59
1494,1534,45.43
1494,1535,80.4
1495,1496,20.51
1495,1535,49.37
1495,1536,81.09
1496,1497,65.68
1496,1536,79.46
1496,1537,70.19
1497,1498,46.61
1497,1537,60.11
1497,1538,64.33
1498,1499,71.64
1498,1538,47.2
1498,1539,85.84
1499,1500,20.51
1499,1539,14.2
1499,1540,52.9
1500,1501,75.8
1500,1540,53.55
1500,1541,70.71
1501,1502,45.28
1501,1541,20.61
1501,1542,54.85
1502,1503,57.42
1502,1542,59.35
1502,1543,84.62
1503,1504,58.29
1503,1543,58.4
1503,1544,53.69
1504,1505,27.85
1504,1544,37.82
1504,1545,62.19
1505,1506,56.16
1505,1545,42.7
1505,1546,68.97
1506,1507,56.2
1506,1546,26.05
1506,1547,33.11
1507,1508,33.56
1507,1547,42.91
1507,1548,52.54
1508,1509,63.56
1508,1548,66.24
1508,1549,92.5
1509,1510,49.96
1509,1549,40.12
1509,1550,95.35
1510,1511,19.42
1510,1550,76.49
1510,1551,84.62
1511,1512,78.66
1511,1551,71.22
1511,1552,82.13
1512,1513,39.43
1512,1552,61.67
1512,1553,69.44
1513,1514,39.94
1513,1553,38.01
1513,1554,92.05
1514,1515,51.24
1514,1554,52.11
1514,1555,114.29
1515,1516,79.12
1515,1555,72.61
1515,1556,93.25
1516,1517,65.41
1516,1556,64.69
1516,1557,61.86
1517,1518,41.77
1517,1557,44.41
1517,1558,75.3
1518,1519,52.31
1518,1558,59.99
1518,1559,66.5
1519,1559,51.43
1520,1521,64.09
1520,1560,47
1520,1561,87.1
1521,1522,69.84
1521,1561,23.01
1521,1562,71.96
1522,1523,45.82
1522,1562,69.18
1522,1563,97.14
1523,1524,54.77
1523,1563,51.32
1523,1564,50.59
1524,1525,66.34
1524,1564,42.64
1524,1565,111.99
1525,1526,77.31
1525,1565,45.65
1525,1566,57.11
1526,1527,43.55
1526,1566,59.02
1526,1567,67.39
1527,1528,36.29
1527,1567,42.36
1527,1568,44.98
1528,1529,50.63
1528,1568,59.87
1528,1569,84.54
1529,1530,56.59
1529,1569,82.57
1529,1570,69.76
1530,1531,68.17
1530,1570,46.59
1530,1571,90.26
1531,1532,60.44
1531,1571,22.09
1531,1572,41.41
1532,1533,49.04
1532,1572,65.61
1532,1573,89.38
1533,1534,28.62
1533,1573,56.08
1533,1574,45.7
1534,1535,48.89
1534,1574,62.48
1534,1575,61.75
1535,1536,52.28
1535,1575,52.54
1535,1576,74.13
1536,1537,42.25
1536,1576,22.01
1536,1577,77.72
1537,1538,59.82
1537,1577,86.99
1537,1578,84.01
1538,1539,69.34
1538,1578,57.67
1538,1579,79.56
1539,1540,38.7
1539,1579,43.48
1539,1580,77.47
1540,1541,58.36
1540,1580,51.61
1540,1581,57.47
1541,1542,59.94
1541,1581,59.67
1541,1582,123.81
1542,1543,68.39
1542,1582,63.87
1542,1583,98.71
1543,1544,56.23
1543,1583,54.16
1543,1584,76.93
1544,1545,66.79
1544,1584,81.64
1544,1585,71.28
1545,1546,94.91
1545,1585,13.87
1545,1586,76.56
1546,1547,17.24
1546,1586,59.13
1546,1587,73.17
1547,1548,68.77
1547,1587,66.11
1547,1588,111.17
1548,1549,41.34
1548,1588,54.12
1548,1589,61.34
1549,1550,66.41
1549,1589,41.48
1549,1590,77.99
1550,1551,70.19
1550,1590,14.86
1550,1591,58.78
1551,1552,42.71
1551,1591,73.51
1551,1592,48.32
1552,1553,49.51
1552,1592,40.13
1552,1593,109.12
1553,1554,62.04
1553,1593,59.61
1553,1594,107.62
1554,1555,62.18
1554,1594,45.58
1554,1595,80.53
1555,1556,67.1
1555,1595,51.71
1555,1596,79.37
1556,1557,14.37
1556,1596,64.83
1556,1597,64.92
1557,1558,78.85
1557,1597,67.75
1557,1598,129.33
1558,1559,30.67
1558,1598,50.48
1558,1599,44.52
1559,1599,38.01
1560,1561,40.1
1561,1562,48.95
1562,1563,79.98
1563,1564,18.69
1564,1565,75.11
1565,1566,56.6
1566,1567,60.05
1567,1568,21.14
1568,1569,57.35
1569,1570,66.91
1570,1571,77.09
1571,1572,19.32
1572,1573,62.75
1573,1574,15.62
1574,1575,48.49
1575,1576,61.27
1576,1577,55.87
1577,1578,46.9
1578,1579,83.53
1579,1580,45.25
1580,1581,50.3
1581,1582,83.5
1582,1583,34.84
1583,1584,72.77
1584,1585,28.64
1585,1586,72.07
1586,1587,46.76
1587,1588,45.06
1588,1589,53.98
1589,1590,42.91
1590,1591,47.2
1591,1592,76.09
1592,1593,71.71
1593,1594,83.69
1594,1595,34.95
1595,1596,61.02
1596,1597,68.93
1597,1598,61.58
1598,1599,34.14
